pair_id,email_id,attachment_path,attachment_format,doc_type,doc_amount,doc_currency,doc_doc_number,doc_date,is_consistent,mismatch_field,mismatch_type
PAIR-0409,EMAIL-0409,,,,,,,,True,,
PAIR-0186,EMAIL-0186,attachments/invoice_0186.pdf,pdf,invoice,58272.0,USD,F-2024-96104,2025-06-19,True,,
PAIR-0287,EMAIL-0287,,,,,,,,True,,
PAIR-0313,EMAIL-0313,,,,,,,,True,,
PAIR-0434,EMAIL-0434,,,,,,,,True,,
PAIR-0167,EMAIL-0167,attachments/invoice_0167.png,png,invoice,197735.0,RON,FV-2024-14082,2024-08-25,True,,
PAIR-0154,EMAIL-0154,attachments/invoice_0154.png,png,invoice,171675.31,EUR,F-2024-40384,2025-06-09,True,,
PAIR-0042,EMAIL-0042,attachments/quotation_0042.pdf,pdf,quotation,144741.0,CHF,Q-2025-14154,2024-12-02,True,,
PAIR-0423,EMAIL-0423,,,,,,,,True,,
PAIR-0330,EMAIL-0330,attachments/price_list_0330.pdf,pdf,price_list,7147.69,CHF,PL-2025-10575,2026-01-13,True,,
PAIR-0097,EMAIL-0097,attachments/quotation_0097.png,png,quotation,37503.05,GBP,QT-2024-96030,2024-09-09,True,,
PAIR-0047,EMAIL-0047,attachments/quotation_0047.png,png,quotation,87146.28,USD,Q-2025-43823,2025-01-06,True,,
PAIR-0277,EMAIL-0277,attachments/quotation_0277.pdf,pdf,quotation,50658.0,RON,OFF-2025-23026,2026-01-13,False,currency,currency
PAIR-0304,EMAIL-0304,,,,,,,,True,,
PAIR-0410,EMAIL-0410,,,,,,,,True,,
PAIR-0366,EMAIL-0366,attachments/price_list_0366.pdf,pdf,price_list,9496.0,GBP,PR-2025-73498,2024-10-21,True,,
PAIR-0157,EMAIL-0157,attachments/invoice_0157.pdf,pdf,invoice,120308.0,CHF,BILL-2026-41037,2025-10-07,False,currency,currency
PAIR-0298,EMAIL-0298,,,,,,,,True,,
PAIR-0293,EMAIL-0293,attachments/quotation_0293.pdf,pdf,quotation,146352.35,GBP,QUO-2025-38988,2026-02-12,True,,
PAIR-0255,EMAIL-0255,,,,,,,,True,,
PAIR-0446,EMAIL-0446,,,,,,,,True,,
PAIR-0128,EMAIL-0128,attachments/invoice_0128.pdf,pdf,invoice,125690.0,RON,F-2026-90989,2025-01-24,True,,
PAIR-0452,EMAIL-0452,,,,,,,,True,,
PAIR-0171,EMAIL-0171,attachments/invoice_0171.pdf,pdf,invoice,2526.64,GBP,FV-2025-65990,2024-10-15,False,currency,currency
PAIR-0060,EMAIL-0060,attachments/quotation_0060.pdf,pdf,quotation,61052.33,EUR,OFF-2026-61305,2024-11-08,True,,
PAIR-0030,EMAIL-0030,attachments/quotation_0030.pdf,pdf,quotation,121043.44,RON,OFF-2025-58091,2025-06-12,False,amount,amount
PAIR-0347,EMAIL-0347,attachments/price_list_0347.pdf,pdf,price_list,2111.73,USD,PL-2026-64293,2025-01-03,True,,
PAIR-0374,EMAIL-0374,attachments/price_list_0374.pdf,pdf,price_list,6427.61,USD,PR-2025-57694,2025-04-06,True,,
PAIR-0333,EMAIL-0333,attachments/price_list_0333.pdf,pdf,price_list,1677.37,USD,PR-2025-6346,2025-08-25,True,,
PAIR-0320,EMAIL-0320,,,,,,,,True,,
PAIR-0265,EMAIL-0265,attachments/quotation_0265.pdf,pdf,quotation,121272.0,EUR,QT-2025-24699,2025-06-07,True,,
PAIR-0206,EMAIL-0206,attachments/invoice_0206.pdf,pdf,invoice,170894.0,EUR,FV-2026-18188,2024-10-26,True,,
PAIR-0244,EMAIL-0244,,,,,,,,True,,
PAIR-0408,EMAIL-0408,,,,,,,,True,,
PAIR-0314,EMAIL-0314,,,,,,,,True,,
PAIR-0158,EMAIL-0158,attachments/invoice_0158.png,png,invoice,128190.83,GBP,BILL-2026-94204,2025-01-09,True,,
PAIR-0478,EMAIL-0478,,,,,,,,True,,
PAIR-0381,EMAIL-0381,attachments/price_list_0381.pdf,pdf,price_list,6963.08,CHF,REV-2026-44403,2026-02-26,True,,
PAIR-0358,EMAIL-0358,,,,,,,,True,,
PAIR-0066,EMAIL-0066,attachments/quotation_0066.png,png,quotation,6143.25,CHF,Q-2024-79282,2024-12-10,True,,
PAIR-0386,EMAIL-0386,,,,,,,,True,,
PAIR-0384,EMAIL-0384,,,,,,,,True,,
PAIR-0267,EMAIL-0267,attachments/quotation_0267.pdf,pdf,quotation,2273.52,RON,OFF-2025-89931,2026-01-22,True,,
PAIR-0297,EMAIL-0297,,,,,,,,True,,
PAIR-0211,EMAIL-0211,attachments/invoice_0211.pdf,pdf,invoice,27196.0,CHF,F-2024-78441,2026-06-07,False,amount,amount
PAIR-0471,EMAIL-0471,attachments/generic_0471.png,png,generic,26735.16,EUR,GEN-2025-11959,2025-08-06,True,,
PAIR-0286,EMAIL-0286,,,,,,,,True,,
PAIR-0209,EMAIL-0209,attachments/invoice_0209.pdf,pdf,invoice,68856.37,GBP,F-2026-36058,2025-05-11,False,date,date
PAIR-0238,EMAIL-0238,attachments/invoice_0238.png,png,invoice,27234.27,RON,F-2024-24445,2026-02-25,True,,
PAIR-0107,EMAIL-0107,attachments/quotation_0107.png,png,quotation,112962.04,RON,QUO-2024-40226,2026-02-13,True,,
PAIR-0196,EMAIL-0196,attachments/invoice_0196.pdf,pdf,invoice,175377.91,EUR,INV-2024-93949,2026-04-13,True,,
PAIR-0214,EMAIL-0214,attachments/invoice_0214.png,png,invoice,98817.19,GBP,F-2025-49679,2024-08-17,True,,
PAIR-0208,EMAIL-0208,attachments/invoice_0208.pdf,pdf,invoice,115455.38,CHF,BILL-2024-38304,2025-07-28,True,,
PAIR-0201,EMAIL-0201,attachments/invoice_0201.png,png,invoice,100733.2,USD,BILL-2026-34776,2025-10-27,True,,
PAIR-0433,EMAIL-0433,,,,,,,,True,,
PAIR-0316,EMAIL-0316,,,,,,,,True,,
PAIR-0108,EMAIL-0108,attachments/quotation_0108.pdf,pdf,quotation,15104.0,USD,Q-2025-80320,2025-05-19,True,,
PAIR-0180,EMAIL-0180,attachments/invoice_0180.pdf,pdf,invoice,71745.5,GBP,FV-2026-29830,2025-12-01,True,,
PAIR-0482,EMAIL-0482,,,,,,,,True,,
PAIR-0464,EMAIL-0464,,,,,,,,True,,
PAIR-0084,EMAIL-0084,attachments/quotation_0084.pdf,pdf,quotation,11493.0,RON,QT-2025-82689,2024-11-06,False,currency,currency
PAIR-0135,EMAIL-0135,attachments/invoice_0135.png,png,invoice,92892.55,RON,FV-2024-97005,2024-11-17,True,,
PAIR-0162,EMAIL-0162,attachments/invoice_0162.pdf,pdf,invoice,152286.0,EUR,FV-2025-12539,2026-04-21,True,,
PAIR-0481,EMAIL-0481,,,,,,,,True,,
PAIR-0002,EMAIL-0002,attachments/quotation_0002.pdf,pdf,quotation,143603.35,USD,OFF-2025-13676,2025-07-06,True,,
PAIR-0307,EMAIL-0307,attachments/quotation_0307.pdf,pdf,quotation,83310.0,RON,Q-2024-10123,2025-07-08,True,,
PAIR-0378,EMAIL-0378,,,,,,,,True,,
PAIR-0185,EMAIL-0185,attachments/invoice_0185.pdf,pdf,invoice,155850.7,GBP,FV-2024-73551,2024-10-20,False,amount,amount
PAIR-0121,EMAIL-0121,attachments/invoice_0121.png,png,invoice,197957.0,EUR,F-2025-5224,2025-04-11,True,,
PAIR-0073,EMAIL-0073,attachments/quotation_0073.pdf,pdf,quotation,41345.88,RON,Q-2025-98426,2025-08-28,True,,
PAIR-0104,EMAIL-0104,attachments/quotation_0104.png,png,quotation,33198.59,USD,Q-2026-84588,2025-10-30,True,,
PAIR-0292,EMAIL-0292,,,,,,,,True,,
PAIR-0087,EMAIL-0087,attachments/quotation_0087.png,png,quotation,130986.25,USD,QUO-2026-19098,2026-02-21,True,,
PAIR-0105,EMAIL-0105,attachments/quotation_0105.pdf,pdf,quotation,137748.3,EUR,OFF-2024-82235,2025-07-17,True,,
PAIR-0449,EMAIL-0449,,,,,,,,True,,
PAIR-0416,EMAIL-0416,,,,,,,,True,,
PAIR-0447,EMAIL-0447,,,,,,,,True,,
PAIR-0246,EMAIL-0246,attachments/quotation_0246.pdf,pdf,quotation,103032.45,CHF,QUO-2026-4816,2025-01-21,True,,
PAIR-0377,EMAIL-0377,attachments/price_list_0377.pdf,pdf,price_list,666.92,USD,REV-2025-81050,2025-09-08,True,,
PAIR-0001,EMAIL-0001,attachments/quotation_0001.pdf,pdf,quotation,111362.0,EUR,QT-2026-14434,2026-04-05,True,,
PAIR-0114,EMAIL-0114,attachments/quotation_0114.pdf,pdf,quotation,11557.79,RON,Q-2026-53534,2025-12-28,True,,
PAIR-0369,EMAIL-0369,attachments/price_list_0369.png,png,price_list,6123.93,GBP,REV-2026-45909,2025-05-05,True,,
PAIR-0037,EMAIL-0037,attachments/quotation_0037.pdf,pdf,quotation,4367.0,CHF,OFF-2026-3719,2026-02-01,True,,
PAIR-0458,EMAIL-0458,,,,,,,,True,,
PAIR-0045,EMAIL-0045,attachments/quotation_0045.png,png,quotation,22187.76,GBP,QT-2025-34466,2025-11-10,False,amount,amount
PAIR-0282,EMAIL-0282,,,,,,,,True,,
PAIR-0147,EMAIL-0147,attachments/invoice_0147.pdf,pdf,invoice,157446.6,USD,F-2025-58438,2025-01-17,True,,
PAIR-0448,EMAIL-0448,,,,,,,,True,,
PAIR-0199,EMAIL-0199,attachments/invoice_0199.png,png,invoice,169430.83,EUR,F-2026-65797,2024-07-11,False,amount,amount
PAIR-0357,EMAIL-0357,,,,,,,,True,,
PAIR-0427,EMAIL-0427,,,,,,,,True,,
PAIR-0100,EMAIL-0100,attachments/quotation_0100.png,png,quotation,20547.0,EUR,QT-2025-85765,2025-10-06,False,date,date
PAIR-0142,EMAIL-0142,attachments/invoice_0142.png,png,invoice,197882.84,GBP,F-2025-72371,2025-08-17,True,,
PAIR-0234,EMAIL-0234,attachments/invoice_0234.png,png,invoice,192247.0,GBP,INV-2024-25632,2024-11-19,False,date,date
PAIR-0051,EMAIL-0051,attachments/quotation_0051.png,png,quotation,60022.0,USD,QUO-2025-13015,2026-02-19,True,,
PAIR-0242,EMAIL-0242,,,,,,,,True,,
PAIR-0488,EMAIL-0488,,,,,,,,True,,
PAIR-0090,EMAIL-0090,attachments/quotation_0090.png,png,quotation,144695.56,EUR,Q-2025-86575,2025-11-11,True,,
PAIR-0273,EMAIL-0273,attachments/quotation_0273.pdf,pdf,quotation,85302.96,GBP,OFF-2025-90369,2025-08-03,True,,
PAIR-0405,EMAIL-0405,,,,,,,,True,,
PAIR-0436,EMAIL-0436,,,,,,,,True,,
PAIR-0175,EMAIL-0175,attachments/invoice_0175.pdf,pdf,invoice,147295.54,RON,FV-2026-64298,2026-02-06,False,date,date
PAIR-0261,EMAIL-0261,,,,,,,,True,,
PAIR-0302,EMAIL-0302,attachments/quotation_0302.png,png,quotation,138549.76,GBP,QUO-2026-48522,2025-10-19,True,,
PAIR-0149,EMAIL-0149,attachments/invoice_0149.pdf,pdf,invoice,90171.53,CHF,BILL-2025-87585,2025-05-01,False,amount,amount
PAIR-0035,EMAIL-0035,attachments/quotation_0035.pdf,pdf,quotation,900.02,CHF,QT-2025-39175,2025-03-16,True,,
PAIR-0074,EMAIL-0074,attachments/quotation_0074.png,png,quotation,15838.39,GBP,Q-2025-59447,2025-01-28,True,,
PAIR-0480,EMAIL-0480,,,,,,,,True,,
PAIR-0284,EMAIL-0284,,,,,,,,True,,
PAIR-0346,EMAIL-0346,,,,,,,,True,,
PAIR-0290,EMAIL-0290,,,,,,,,True,,
PAIR-0475,EMAIL-0475,,,,,,,,True,,
PAIR-0235,EMAIL-0235,attachments/invoice_0235.png,png,invoice,170455.46,EUR,FV-2024-26330,2024-09-02,True,,
PAIR-0226,EMAIL-0226,attachments/invoice_0226.pdf,pdf,invoice,139614.0,CHF,INV-2025-99676,2025-03-15,False,currency,currency
PAIR-0007,EMAIL-0007,attachments/quotation_0007.png,png,quotation,56400.0,CHF,OFF-2024-79504,2025-10-31,True,,
PAIR-0194,EMAIL-0194,attachments/invoice_0194.png,png,invoice,40629.24,CHF,FV-2026-56023,2026-02-26,True,,
PAIR-0137,EMAIL-0137,attachments/invoice_0137.pdf,pdf,invoice,118461.0,EUR,BILL-2024-39230,2025-06-18,True,,
PAIR-0200,EMAIL-0200,attachments/invoice_0200.pdf,pdf,invoice,117298.82,USD,BILL-2024-73036,2026-03-25,True,,
PAIR-0067,EMAIL-0067,attachments/quotation_0067.png,png,quotation,112982.48,EUR,OFF-2026-32348,2025-11-02,True,,
PAIR-0497,EMAIL-0497,,,,,,,,True,,
PAIR-0078,EMAIL-0078,attachments/quotation_0078.pdf,pdf,quotation,132695.0,RON,Q-2026-95223,2026-01-27,True,,
PAIR-0243,EMAIL-0243,,,,,,,,True,,
PAIR-0252,EMAIL-0252,attachments/quotation_0252.pdf,pdf,quotation,21662.75,GBP,QUO-2026-33089,2024-09-15,True,,
PAIR-0077,EMAIL-0077,attachments/quotation_0077.pdf,pdf,quotation,106576.3,GBP,QUO-2025-21644,2025-08-25,True,,
PAIR-0264,EMAIL-0264,attachments/quotation_0264.pdf,pdf,quotation,9681.96,GBP,OFF-2026-7765,2026-03-18,False,currency,currency
PAIR-0174,EMAIL-0174,attachments/invoice_0174.pdf,pdf,invoice,51007.0,USD,F-2025-29257,2025-01-27,True,,
PAIR-0389,EMAIL-0389,attachments/price_list_0389.pdf,pdf,price_list,3634.36,GBP,PR-2024-89487,2025-04-05,True,,
PAIR-0300,EMAIL-0300,attachments/quotation_0300.pdf,pdf,quotation,115083.0,USD,QUO-2026-99648,2026-01-13,True,,
PAIR-0050,EMAIL-0050,attachments/quotation_0050.pdf,pdf,quotation,88307.38,RON,Q-2026-13978,2026-04-29,True,,
PAIR-0212,EMAIL-0212,attachments/invoice_0212.pdf,pdf,invoice,107112.76,GBP,INV-2025-40270,2025-09-29,False,currency,currency
PAIR-0269,EMAIL-0269,,,,,,,,True,,
PAIR-0013,EMAIL-0013,attachments/quotation_0013.png,png,quotation,141268.62,CHF,QT-2026-6209,2025-11-01,True,,
PAIR-0332,EMAIL-0332,attachments/price_list_0332.pdf,pdf,price_list,2865.11,CHF,PR-2025-68760,2025-09-25,True,,
PAIR-0095,EMAIL-0095,attachments/quotation_0095.pdf,pdf,quotation,66221.8,RON,QUO-2024-60432,2026-01-15,False,amount,amount
PAIR-0070,EMAIL-0070,attachments/quotation_0070.pdf,pdf,quotation,17122.0,GBP,QUO-2024-7258,2025-10-16,True,,
PAIR-0451,EMAIL-0451,,,,,,,,True,,
PAIR-0014,EMAIL-0014,attachments/quotation_0014.png,png,quotation,69013.69,USD,QUO-2024-71468,2025-12-19,True,,
PAIR-0391,EMAIL-0391,,,,,,,,True,,
PAIR-0470,EMAIL-0470,,,,,,,,True,,
PAIR-0145,EMAIL-0145,attachments/invoice_0145.png,png,invoice,117286.13,GBP,F-2024-21644,2025-12-26,False,date,date
PAIR-0428,EMAIL-0428,,,,,,,,True,,
PAIR-0483,EMAIL-0483,,,,,,,,True,,
PAIR-0260,EMAIL-0260,attachments/quotation_0260.pdf,pdf,quotation,106910.16,RON,QUO-2026-28684,2025-10-23,True,,
PAIR-0203,EMAIL-0203,attachments/invoice_0203.pdf,pdf,invoice,147475.0,EUR,FV-2025-28102,2025-01-24,True,,
PAIR-0412,EMAIL-0412,attachments/generic_0412.png,png,generic,47859.13,GBP,DOC-2026-93946,2026-03-13,True,,
PAIR-0385,EMAIL-0385,,,,,,,,True,,
PAIR-0327,EMAIL-0327,,,,,,,,True,,
PAIR-0317,EMAIL-0317,,,,,,,,True,,
PAIR-0249,EMAIL-0249,attachments/quotation_0249.png,png,quotation,68060.0,EUR,QUO-2026-40625,2024-10-31,True,,
PAIR-0375,EMAIL-0375,,,,,,,,True,,
PAIR-0215,EMAIL-0215,attachments/invoice_0215.png,png,invoice,194924.78,RON,INV-2025-33396,2025-02-19,True,,
PAIR-0177,EMAIL-0177,attachments/invoice_0177.png,png,invoice,96177.91,RON,BILL-2026-99024,2025-07-23,False,date,date
PAIR-0367,EMAIL-0367,,,,,,,,True,,
PAIR-0318,EMAIL-0318,,,,,,,,True,,
PAIR-0008,EMAIL-0008,attachments/quotation_0008.pdf,pdf,quotation,114992.0,RON,OFF-2026-22643,2026-01-31,True,,
PAIR-0069,EMAIL-0069,attachments/quotation_0069.pdf,pdf,quotation,139658.47,GBP,QT-2024-19035,2025-06-04,True,,
PAIR-0442,EMAIL-0442,,,,,,,,True,,
PAIR-0411,EMAIL-0411,,,,,,,,True,,
PAIR-0440,EMAIL-0440,,,,,,,,True,,
PAIR-0394,EMAIL-0394,,,,,,,,True,,
PAIR-0029,EMAIL-0029,attachments/quotation_0029.pdf,pdf,quotation,104730.35,CHF,QT-2024-75177,2025-08-13,True,,
PAIR-0457,EMAIL-0457,attachments/generic_0457.pdf,pdf,generic,44756.16,USD,DOC-2025-9874,2025-08-04,True,,
PAIR-0119,EMAIL-0119,attachments/quotation_0119.pdf,pdf,quotation,21111.16,EUR,QUO-2025-84296,2026-01-26,True,,
PAIR-0245,EMAIL-0245,,,,,,,,True,,
PAIR-0257,EMAIL-0257,,,,,,,,True,,
PAIR-0392,EMAIL-0392,,,,,,,,True,,
PAIR-0460,EMAIL-0460,,,,,,,,True,,
PAIR-0450,EMAIL-0450,,,,,,,,True,,
PAIR-0348,EMAIL-0348,,,,,,,,True,,
PAIR-0227,EMAIL-0227,attachments/invoice_0227.pdf,pdf,invoice,112321.29,CHF,INV-2024-32760,2025-05-06,False,date,date
PAIR-0461,EMAIL-0461,,,,,,,,True,,
PAIR-0219,EMAIL-0219,attachments/invoice_0219.pdf,pdf,invoice,144256.51,CHF,F-2025-25886,2026-01-16,True,,
PAIR-0398,EMAIL-0398,,,,,,,,True,,
PAIR-0052,EMAIL-0052,attachments/quotation_0052.png,png,quotation,923.91,EUR,OFF-2024-71807,2024-12-25,True,,
PAIR-0190,EMAIL-0190,attachments/invoice_0190.png,png,invoice,94040.91,USD,BILL-2024-86003,2024-12-13,True,,
PAIR-0159,EMAIL-0159,attachments/invoice_0159.png,png,invoice,52033.37,RON,FV-2026-5629,2025-06-17,True,,
PAIR-0435,EMAIL-0435,,,,,,,,True,,
PAIR-0225,EMAIL-0225,attachments/invoice_0225.pdf,pdf,invoice,119127.19,CHF,INV-2025-11286,2025-06-23,True,,
PAIR-0094,EMAIL-0094,attachments/quotation_0094.png,png,quotation,114398.01,CHF,Q-2024-69879,2026-01-23,True,,
PAIR-0431,EMAIL-0431,attachments/generic_0431.pdf,pdf,generic,6028.25,GBP,REF-2026-79139,2025-06-20,True,,
PAIR-0425,EMAIL-0425,,,,,,,,True,,
PAIR-0028,EMAIL-0028,attachments/quotation_0028.pdf,pdf,quotation,84813.0,GBP,QT-2025-22992,2025-01-08,True,,
PAIR-0388,EMAIL-0388,,,,,,,,True,,
PAIR-0040,EMAIL-0040,attachments/quotation_0040.png,png,quotation,139932.0,GBP,Q-2025-64242,2025-04-19,True,,
PAIR-0321,EMAIL-0321,,,,,,,,True,,
PAIR-0117,EMAIL-0117,attachments/quotation_0117.png,png,quotation,84197.0,EUR,QUO-2025-83543,2025-02-16,False,amount,amount
PAIR-0182,EMAIL-0182,attachments/invoice_0182.png,png,invoice,189653.0,CHF,INV-2026-1960,2025-02-01,True,,
PAIR-0080,EMAIL-0080,attachments/quotation_0080.pdf,pdf,quotation,141270.0,CHF,OFF-2026-80316,2026-01-19,True,,
PAIR-0081,EMAIL-0081,attachments/quotation_0081.pdf,pdf,quotation,131672.96,GBP,QT-2025-10564,2025-01-19,False,amount,amount
PAIR-0132,EMAIL-0132,attachments/invoice_0132.pdf,pdf,invoice,74499.51,GBP,INV-2026-16473,2025-07-09,True,,
PAIR-0356,EMAIL-0356,,,,,,,,True,,
PAIR-0152,EMAIL-0152,attachments/invoice_0152.pdf,pdf,invoice,199454.39,CHF,INV-2025-42910,2024-10-28,True,,
PAIR-0465,EMAIL-0465,,,,,,,,True,,
PAIR-0305,EMAIL-0305,attachments/quotation_0305.pdf,pdf,quotation,114604.98,EUR,QT-2025-23514,2024-10-08,True,,
PAIR-0489,EMAIL-0489,,,,,,,,True,,
PAIR-0125,EMAIL-0125,attachments/invoice_0125.pdf,pdf,invoice,3453.01,EUR,INV-2025-60836,2025-09-12,True,,
PAIR-0420,EMAIL-0420,,,,,,,,True,,
PAIR-0429,EMAIL-0429,,,,,,,,True,,
PAIR-0354,EMAIL-0354,attachments/price_list_0354.pdf,pdf,price_list,6537.77,RON,PL-2024-40522,2024-09-28,True,,
PAIR-0402,EMAIL-0402,attachments/generic_0402.pdf,pdf,generic,10767.62,EUR,GEN-2024-53709,2025-04-20,True,,
PAIR-0236,EMAIL-0236,attachments/invoice_0236.pdf,pdf,invoice,173381.63,RON,F-2025-6482,2025-06-16,True,,
PAIR-0004,EMAIL-0004,attachments/quotation_0004.png,png,quotation,102849.83,USD,OFF-2024-5207,2025-09-03,True,,
PAIR-0055,EMAIL-0055,attachments/quotation_0055.png,png,quotation,47222.0,EUR,QT-2026-63163,2024-09-27,True,,
PAIR-0379,EMAIL-0379,,,,,,,,True,,
PAIR-0127,EMAIL-0127,attachments/invoice_0127.pdf,pdf,invoice,14351.5,USD,BILL-2024-42071,2025-05-03,True,,
PAIR-0322,EMAIL-0322,,,,,,,,True,,
PAIR-0020,EMAIL-0020,attachments/quotation_0020.pdf,pdf,quotation,99676.0,GBP,Q-2026-41538,2025-07-06,True,,
PAIR-0340,EMAIL-0340,attachments/price_list_0340.pdf,pdf,price_list,7872.46,USD,REV-2024-55558,2025-05-25,True,,
PAIR-0281,EMAIL-0281,attachments/quotation_0281.png,png,quotation,110793.31,RON,Q-2024-10637,2026-03-08,True,,
PAIR-0472,EMAIL-0472,attachments/generic_0472.pdf,pdf,generic,46053.0,GBP,DOC-2025-19264,2025-09-15,True,,
PAIR-0494,EMAIL-0494,,,,,,,,True,,
PAIR-0258,EMAIL-0258,,,,,,,,True,,
PAIR-0439,EMAIL-0439,,,,,,,,True,,
PAIR-0343,EMAIL-0343,,,,,,,,True,,
PAIR-0091,EMAIL-0091,attachments/quotation_0091.pdf,pdf,quotation,140121.0,RON,OFF-2025-25420,2024-07-25,True,,
PAIR-0022,EMAIL-0022,attachments/quotation_0022.png,png,quotation,127536.0,RON,QUO-2026-76454,2025-09-15,True,,
PAIR-0183,EMAIL-0183,attachments/invoice_0183.pdf,pdf,invoice,143430.0,USD,BILL-2024-24329,2026-01-08,True,,
PAIR-0076,EMAIL-0076,attachments/quotation_0076.pdf,pdf,quotation,22139.69,GBP,QUO-2026-37528,2024-10-13,False,amount,amount
PAIR-0403,EMAIL-0403,,,,,,,,True,,
PAIR-0349,EMAIL-0349,,,,,,,,True,,
PAIR-0329,EMAIL-0329,attachments/price_list_0329.pdf,pdf,price_list,9952.0,EUR,PR-2025-24641,2024-11-14,True,,
PAIR-0058,EMAIL-0058,attachments/quotation_0058.png,png,quotation,41338.44,USD,QT-2025-57349,2025-06-16,True,,
PAIR-0124,EMAIL-0124,attachments/invoice_0124.png,png,invoice,65592.0,USD,BILL-2026-61089,2024-11-02,True,,
PAIR-0188,EMAIL-0188,attachments/invoice_0188.png,png,invoice,178442.62,USD,F-2026-76877,2026-02-25,True,,
PAIR-0351,EMAIL-0351,,,,,,,,True,,
PAIR-0493,EMAIL-0493,,,,,,,,True,,
PAIR-0276,EMAIL-0276,attachments/quotation_0276.png,png,quotation,10061.66,USD,QUO-2025-78984,2024-08-31,True,,
PAIR-0372,EMAIL-0372,attachments/price_list_0372.pdf,pdf,price_list,9802.19,USD,REV-2025-65597,2026-03-23,True,,
PAIR-0170,EMAIL-0170,attachments/invoice_0170.pdf,pdf,invoice,131064.0,CHF,FV-2026-76582,2025-08-11,True,,
PAIR-0123,EMAIL-0123,attachments/invoice_0123.pdf,pdf,invoice,29419.44,EUR,F-2026-52472,2025-01-22,True,,
PAIR-0148,EMAIL-0148,attachments/invoice_0148.pdf,pdf,invoice,52373.0,GBP,FV-2024-50212,2024-11-14,True,,
PAIR-0326,EMAIL-0326,attachments/price_list_0326.pdf,pdf,price_list,1620.33,EUR,PR-2026-90883,2025-07-04,True,,
PAIR-0259,EMAIL-0259,,,,,,,,True,,
PAIR-0134,EMAIL-0134,attachments/invoice_0134.pdf,pdf,invoice,114393.0,USD,INV-2024-30253,2025-07-31,True,,
PAIR-0032,EMAIL-0032,attachments/quotation_0032.png,png,quotation,43797.75,EUR,QUO-2025-16670,2025-01-25,False,amount,amount
PAIR-0172,EMAIL-0172,attachments/invoice_0172.png,png,invoice,20708.14,CHF,INV-2026-1022,2026-05-10,True,,
PAIR-0279,EMAIL-0279,attachments/quotation_0279.png,png,quotation,18067.42,USD,QUO-2026-48435,2025-11-13,True,,
PAIR-0335,EMAIL-0335,,,,,,,,True,,
PAIR-0413,EMAIL-0413,,,,,,,,True,,
PAIR-0230,EMAIL-0230,attachments/invoice_0230.pdf,pdf,invoice,132663.73,GBP,BILL-2024-3500,2025-07-31,True,,
PAIR-0218,EMAIL-0218,attachments/invoice_0218.pdf,pdf,invoice,113427.01,GBP,BILL-2026-62393,2026-05-05,True,,
PAIR-0228,EMAIL-0228,attachments/invoice_0228.png,png,invoice,9166.53,EUR,FV-2026-49997,2024-09-11,True,,
PAIR-0251,EMAIL-0251,,,,,,,,True,,
PAIR-0500,EMAIL-0500,,,,,,,,True,,
PAIR-0371,EMAIL-0371,attachments/price_list_0371.pdf,pdf,price_list,3612.0,USD,PR-2024-61646,2025-02-23,True,,
PAIR-0221,EMAIL-0221,attachments/invoice_0221.pdf,pdf,invoice,158891.0,CHF,INV-2025-70339,2024-09-26,True,,
PAIR-0473,EMAIL-0473,attachments/generic_0473.pdf,pdf,generic,36680.77,RON,GEN-2025-8088,2024-09-17,True,,
PAIR-0418,EMAIL-0418,,,,,,,,True,,
PAIR-0031,EMAIL-0031,attachments/quotation_0031.pdf,pdf,quotation,73542.39,RON,Q-2026-94302,2025-09-19,True,,
PAIR-0118,EMAIL-0118,attachments/quotation_0118.pdf,pdf,quotation,69004.0,RON,OFF-2026-84769,2026-04-07,False,amount,amount
PAIR-0150,EMAIL-0150,attachments/invoice_0150.pdf,pdf,invoice,94294.7,GBP,F-2024-85130,2025-01-21,True,,
PAIR-0387,EMAIL-0387,attachments/price_list_0387.pdf,pdf,price_list,2111.64,RON,PL-2024-52891,2025-06-17,True,,
PAIR-0401,EMAIL-0401,,,,,,,,True,,
PAIR-0044,EMAIL-0044,attachments/quotation_0044.png,png,quotation,104253.17,USD,OFF-2025-8355,2025-08-04,True,,
PAIR-0441,EMAIL-0441,,,,,,,,True,,
PAIR-0139,EMAIL-0139,attachments/invoice_0139.png,png,invoice,170949.34,CHF,F-2024-13415,2024-10-13,True,,
PAIR-0195,EMAIL-0195,attachments/invoice_0195.pdf,pdf,invoice,104504.44,USD,F-2026-70444,2025-03-22,True,,
PAIR-0359,EMAIL-0359,attachments/price_list_0359.pdf,pdf,price_list,7477.64,GBP,PR-2024-79852,2024-10-19,False,date,date
PAIR-0136,EMAIL-0136,attachments/invoice_0136.pdf,pdf,invoice,41197.84,RON,FV-2025-8850,2025-03-29,True,,
PAIR-0341,EMAIL-0341,,,,,,,,True,,
PAIR-0156,EMAIL-0156,attachments/invoice_0156.pdf,pdf,invoice,48539.23,RON,BILL-2024-63204,2025-05-19,False,date,date
PAIR-0278,EMAIL-0278,,,,,,,,True,,
PAIR-0057,EMAIL-0057,attachments/quotation_0057.pdf,pdf,quotation,33420.2,RON,QT-2024-19595,2024-11-23,False,amount,amount
PAIR-0023,EMAIL-0023,attachments/quotation_0023.pdf,pdf,quotation,37755.14,RON,OFF-2024-61901,2025-11-15,True,,
PAIR-0133,EMAIL-0133,attachments/invoice_0133.pdf,pdf,invoice,51172.0,CHF,INV-2026-95736,2025-04-20,True,,
PAIR-0027,EMAIL-0027,attachments/quotation_0027.pdf,pdf,quotation,112925.47,GBP,QT-2024-62644,2025-12-26,True,,
PAIR-0342,EMAIL-0342,,,,,,,,True,,
PAIR-0189,EMAIL-0189,attachments/invoice_0189.pdf,pdf,invoice,100424.0,GBP,FV-2026-2388,2026-03-21,False,amount,amount
PAIR-0098,EMAIL-0098,attachments/quotation_0098.pdf,pdf,quotation,66124.94,USD,OFF-2024-67046,2025-04-24,True,,
PAIR-0046,EMAIL-0046,attachments/quotation_0046.png,png,quotation,1710.65,USD,Q-2026-98671,2025-05-04,True,,
PAIR-0323,EMAIL-0323,,,,,,,,True,,
PAIR-0116,EMAIL-0116,attachments/quotation_0116.png,png,quotation,47127.61,EUR,OFF-2026-64298,2025-10-28,True,,
PAIR-0432,EMAIL-0432,,,,,,,,True,,
PAIR-0376,EMAIL-0376,,,,,,,,True,,
PAIR-0054,EMAIL-0054,attachments/quotation_0054.pdf,pdf,quotation,93835.47,GBP,OFF-2025-79301,2025-11-26,True,,
PAIR-0072,EMAIL-0072,attachments/quotation_0072.pdf,pdf,quotation,121819.0,RON,QUO-2024-39462,2024-08-24,True,,
PAIR-0360,EMAIL-0360,,,,,,,,True,,
PAIR-0344,EMAIL-0344,,,,,,,,True,,
PAIR-0115,EMAIL-0115,attachments/quotation_0115.pdf,pdf,quotation,145038.26,RON,QT-2024-2382,2025-03-20,False,date,date
PAIR-0015,EMAIL-0015,attachments/quotation_0015.png,png,quotation,100346.0,USD,QT-2024-35664,2024-12-12,False,amount,amount
PAIR-0345,EMAIL-0345,,,,,,,,True,,
PAIR-0395,EMAIL-0395,,,,,,,,True,,
PAIR-0364,EMAIL-0364,,,,,,,,True,,
PAIR-0289,EMAIL-0289,attachments/quotation_0289.pdf,pdf,quotation,58907.0,USD,OFF-2024-22596,2024-11-21,True,,
PAIR-0233,EMAIL-0233,attachments/invoice_0233.png,png,invoice,108362.49,EUR,FV-2025-91247,2025-09-14,True,,
PAIR-0491,EMAIL-0491,,,,,,,,True,,
PAIR-0422,EMAIL-0422,,,,,,,,True,,
PAIR-0025,EMAIL-0025,attachments/quotation_0025.pdf,pdf,quotation,125017.23,CHF,Q-2026-3560,2025-10-17,True,,
PAIR-0339,EMAIL-0339,attachments/price_list_0339.pdf,pdf,price_list,5255.0,USD,PL-2026-11031,2025-12-05,True,,
PAIR-0365,EMAIL-0365,,,,,,,,True,,
PAIR-0285,EMAIL-0285,,,,,,,,True,,
PAIR-0041,EMAIL-0041,attachments/quotation_0041.png,png,quotation,123172.0,GBP,Q-2026-77011,2025-01-14,False,date,date
PAIR-0430,EMAIL-0430,,,,,,,,True,,
PAIR-0479,EMAIL-0479,,,,,,,,True,,
PAIR-0336,EMAIL-0336,attachments/price_list_0336.pdf,pdf,price_list,2153.0,GBP,REV-2025-8279,2024-11-04,True,,
PAIR-0328,EMAIL-0328,,,,,,,,True,,
PAIR-0155,EMAIL-0155,attachments/invoice_0155.png,png,invoice,62362.39,EUR,INV-2026-75537,2024-12-25,True,,
PAIR-0213,EMAIL-0213,attachments/invoice_0213.pdf,pdf,invoice,78563.28,EUR,INV-2024-38957,2026-05-14,False,amount,amount
PAIR-0049,EMAIL-0049,attachments/quotation_0049.pdf,pdf,quotation,33594.0,RON,Q-2026-40608,2024-10-30,True,,
PAIR-0241,EMAIL-0241,,,,,,,,True,,
PAIR-0036,EMAIL-0036,attachments/quotation_0036.pdf,pdf,quotation,9415.89,CHF,OFF-2026-75607,2025-09-23,True,,
PAIR-0009,EMAIL-0009,attachments/quotation_0009.pdf,pdf,quotation,3644.62,CHF,QT-2024-1942,2026-03-31,True,,
PAIR-0173,EMAIL-0173,attachments/invoice_0173.pdf,pdf,invoice,120070.24,GBP,INV-2026-60314,2024-10-08,True,,
PAIR-0021,EMAIL-0021,attachments/quotation_0021.pdf,pdf,quotation,66547.01,CHF,QUO-2025-97463,2024-10-16,True,,
PAIR-0271,EMAIL-0271,,,,,,,,True,,
PAIR-0274,EMAIL-0274,attachments/quotation_0274.pdf,pdf,quotation,134520.87,GBP,Q-2025-12123,2025-01-04,True,,
PAIR-0019,EMAIL-0019,attachments/quotation_0019.pdf,pdf,quotation,147643.0,CHF,QT-2024-34386,2025-09-05,True,,
PAIR-0207,EMAIL-0207,attachments/invoice_0207.pdf,pdf,invoice,144167.95,GBP,INV-2025-74680,2025-07-28,True,,
PAIR-0068,EMAIL-0068,attachments/quotation_0068.pdf,pdf,quotation,96356.27,CHF,QT-2024-94244,2025-04-14,False,date,date
PAIR-0477,EMAIL-0477,,,,,,,,True,,
PAIR-0237,EMAIL-0237,attachments/invoice_0237.pdf,pdf,invoice,107666.25,GBP,INV-2026-51777,2025-01-26,False,currency,currency
PAIR-0474,EMAIL-0474,,,,,,,,True,,
PAIR-0295,EMAIL-0295,,,,,,,,True,,
PAIR-0010,EMAIL-0010,attachments/quotation_0010.pdf,pdf,quotation,53467.49,USD,QT-2026-86649,2024-10-07,True,,
PAIR-0350,EMAIL-0350,,,,,,,,True,,
PAIR-0011,EMAIL-0011,attachments/quotation_0011.png,png,quotation,15137.35,CHF,QUO-2024-13224,2025-01-24,True,,
PAIR-0296,EMAIL-0296,,,,,,,,True,,
PAIR-0122,EMAIL-0122,attachments/invoice_0122.png,png,invoice,70293.0,CHF,BILL-2024-43421,2025-06-22,True,,
PAIR-0400,EMAIL-0400,attachments/price_list_0400.pdf,pdf,price_list,4448.0,CHF,REV-2026-87840,2024-11-16,True,,
PAIR-0303,EMAIL-0303,,,,,,,,True,,
PAIR-0453,EMAIL-0453,,,,,,,,True,,
PAIR-0476,EMAIL-0476,,,,,,,,True,,
PAIR-0088,EMAIL-0088,attachments/quotation_0088.png,png,quotation,72884.93,GBP,QUO-2026-40124,2025-05-22,True,,
PAIR-0232,EMAIL-0232,attachments/invoice_0232.pdf,pdf,invoice,45271.42,RON,INV-2026-18991,2025-09-25,True,,
PAIR-0064,EMAIL-0064,attachments/quotation_0064.pdf,pdf,quotation,58418.78,CHF,OFF-2024-83691,2024-10-03,True,,
PAIR-0062,EMAIL-0062,attachments/quotation_0062.pdf,pdf,quotation,8897.73,GBP,QT-2025-60233,2024-09-29,True,,
PAIR-0487,EMAIL-0487,attachments/generic_0487.pdf,pdf,generic,46829.34,RON,REF-2025-28973,2025-01-03,True,,
PAIR-0445,EMAIL-0445,,,,,,,,True,,
PAIR-0024,EMAIL-0024,attachments/quotation_0024.pdf,pdf,quotation,94199.0,USD,QUO-2026-38450,2025-05-02,True,,
PAIR-0256,EMAIL-0256,,,,,,,,True,,
PAIR-0253,EMAIL-0253,attachments/quotation_0253.pdf,pdf,quotation,94605.87,RON,OFF-2026-47612,2025-06-03,True,,
PAIR-0026,EMAIL-0026,attachments/quotation_0026.pdf,pdf,quotation,108765.12,EUR,QT-2026-71008,2025-10-07,True,,
PAIR-0101,EMAIL-0101,attachments/quotation_0101.png,png,quotation,112158.44,EUR,QUO-2026-80220,2025-08-26,True,,
PAIR-0426,EMAIL-0426,,,,,,,,True,,
PAIR-0362,EMAIL-0362,,,,,,,,True,,
PAIR-0163,EMAIL-0163,attachments/invoice_0163.pdf,pdf,invoice,25960.37,CHF,INV-2025-22891,2024-08-31,True,,
PAIR-0223,EMAIL-0223,attachments/invoice_0223.pdf,pdf,invoice,48296.37,RON,BILL-2026-98593,2025-08-03,True,,
PAIR-0216,EMAIL-0216,attachments/invoice_0216.pdf,pdf,invoice,50345.77,EUR,FV-2025-7827,2024-10-24,False,amount,amount
PAIR-0406,EMAIL-0406,,,,,,,,True,,
PAIR-0294,EMAIL-0294,attachments/quotation_0294.pdf,pdf,quotation,49291.79,EUR,QUO-2026-70000,2025-04-08,True,,
PAIR-0039,EMAIL-0039,attachments/quotation_0039.png,png,quotation,30931.96,GBP,Q-2025-92521,2024-10-21,True,,
PAIR-0312,EMAIL-0312,,,,,,,,True,,
PAIR-0143,EMAIL-0143,attachments/invoice_0143.pdf,pdf,invoice,53452.09,USD,F-2024-76457,2025-06-29,True,,
PAIR-0361,EMAIL-0361,,,,,,,,True,,
PAIR-0421,EMAIL-0421,,,,,,,,True,,
PAIR-0455,EMAIL-0455,,,,,,,,True,,
PAIR-0270,EMAIL-0270,attachments/quotation_0270.png,png,quotation,115519.19,GBP,QT-2025-22229,2025-03-29,True,,
PAIR-0109,EMAIL-0109,attachments/quotation_0109.pdf,pdf,quotation,119809.25,USD,Q-2025-21214,2026-04-15,True,,
PAIR-0309,EMAIL-0309,,,,,,,,True,,
PAIR-0146,EMAIL-0146,attachments/invoice_0146.pdf,pdf,invoice,36579.93,CHF,INV-2024-84839,2025-11-21,True,,
PAIR-0198,EMAIL-0198,attachments/invoice_0198.png,png,invoice,139472.07,EUR,INV-2025-84345,2024-10-02,True,,
PAIR-0034,EMAIL-0034,attachments/quotation_0034.pdf,pdf,quotation,89620.96,CHF,Q-2025-60049,2025-06-30,True,,
PAIR-0288,EMAIL-0288,,,,,,,,True,,
PAIR-0120,EMAIL-0120,attachments/quotation_0120.png,png,quotation,106666.28,EUR,QT-2024-75107,2025-03-05,True,,
PAIR-0165,EMAIL-0165,attachments/invoice_0165.pdf,pdf,invoice,24894.0,GBP,INV-2024-92120,2025-06-04,False,currency,currency
PAIR-0397,EMAIL-0397,attachments/price_list_0397.pdf,pdf,price_list,2434.97,CHF,PR-2026-71482,2024-09-18,False,currency,currency
PAIR-0239,EMAIL-0239,attachments/invoice_0239.pdf,pdf,invoice,145429.39,CHF,F-2024-50634,2024-08-14,True,,
PAIR-0110,EMAIL-0110,attachments/quotation_0110.pdf,pdf,quotation,53410.0,CHF,QT-2025-51493,2025-06-01,True,,
PAIR-0169,EMAIL-0169,attachments/invoice_0169.pdf,pdf,invoice,182263.11,CHF,FV-2026-58430,2026-04-17,True,,
PAIR-0490,EMAIL-0490,,,,,,,,True,,
PAIR-0353,EMAIL-0353,,,,,,,,True,,
PAIR-0404,EMAIL-0404,,,,,,,,True,,
PAIR-0005,EMAIL-0005,attachments/quotation_0005.pdf,pdf,quotation,111875.85,USD,Q-2025-77484,2025-07-19,False,currency,currency
PAIR-0469,EMAIL-0469,,,,,,,,True,,
PAIR-0498,EMAIL-0498,,,,,,,,True,,
PAIR-0075,EMAIL-0075,attachments/quotation_0075.png,png,quotation,77206.36,EUR,Q-2024-19714,2024-08-06,True,,
PAIR-0424,EMAIL-0424,,,,,,,,True,,
PAIR-0191,EMAIL-0191,attachments/invoice_0191.png,png,invoice,194540.0,RON,F-2025-46224,2026-01-05,True,,
PAIR-0337,EMAIL-0337,attachments/price_list_0337.pdf,pdf,price_list,1249.99,RON,REV-2026-41645,2026-03-10,True,,
PAIR-0459,EMAIL-0459,,,,,,,,True,,
PAIR-0038,EMAIL-0038,attachments/quotation_0038.pdf,pdf,quotation,48498.0,EUR,Q-2025-54955,2025-05-28,True,,
PAIR-0126,EMAIL-0126,attachments/invoice_0126.png,png,invoice,125195.73,EUR,INV-2025-86915,2024-09-21,True,,
PAIR-0184,EMAIL-0184,attachments/invoice_0184.png,png,invoice,151240.93,USD,INV-2025-66907,2025-05-08,True,,
PAIR-0096,EMAIL-0096,attachments/quotation_0096.pdf,pdf,quotation,61862.48,RON,Q-2025-51132,2025-08-24,False,amount,amount
PAIR-0399,EMAIL-0399,,,,,,,,True,,
PAIR-0166,EMAIL-0166,attachments/invoice_0166.pdf,pdf,invoice,32242.65,EUR,BILL-2026-64001,2025-02-11,True,,
PAIR-0492,EMAIL-0492,,,,,,,,True,,
PAIR-0499,EMAIL-0499,,,,,,,,True,,
PAIR-0454,EMAIL-0454,attachments/generic_0454.pdf,pdf,generic,9169.0,GBP,DOC-2024-38397,2025-03-14,True,,
PAIR-0204,EMAIL-0204,attachments/invoice_0204.png,png,invoice,36737.8,CHF,FV-2025-53150,2026-02-11,True,,
PAIR-0396,EMAIL-0396,,,,,,,,True,,
PAIR-0272,EMAIL-0272,,,,,,,,True,,
PAIR-0331,EMAIL-0331,attachments/price_list_0331.pdf,pdf,price_list,9682.18,CHF,PL-2024-35116,2026-01-14,True,,
PAIR-0310,EMAIL-0310,attachments/quotation_0310.pdf,pdf,quotation,30688.8,RON,OFF-2026-35296,2026-01-24,True,,
PAIR-0437,EMAIL-0437,,,,,,,,True,,
PAIR-0210,EMAIL-0210,attachments/invoice_0210.pdf,pdf,invoice,154232.55,USD,FV-2024-35400,2024-10-25,True,,
PAIR-0417,EMAIL-0417,,,,,,,,True,,
PAIR-0130,EMAIL-0130,attachments/invoice_0130.pdf,pdf,invoice,157149.59,USD,INV-2024-77986,2024-07-30,False,amount,amount
PAIR-0262,EMAIL-0262,,,,,,,,True,,
PAIR-0018,EMAIL-0018,attachments/quotation_0018.pdf,pdf,quotation,4038.0,GBP,OFF-2025-10099,2025-08-14,True,,
PAIR-0086,EMAIL-0086,attachments/quotation_0086.pdf,pdf,quotation,71451.24,RON,QT-2026-30824,2026-04-05,False,currency,currency
PAIR-0495,EMAIL-0495,,,,,,,,True,,
PAIR-0033,EMAIL-0033,attachments/quotation_0033.pdf,pdf,quotation,15837.0,GBP,Q-2025-63746,2025-06-07,False,date,date
PAIR-0485,EMAIL-0485,,,,,,,,True,,
PAIR-0192,EMAIL-0192,attachments/invoice_0192.pdf,pdf,invoice,96407.03,EUR,F-2026-22134,2024-07-23,True,,
PAIR-0181,EMAIL-0181,attachments/invoice_0181.pdf,pdf,invoice,133853.91,CHF,INV-2026-32958,2025-06-24,True,,
PAIR-0486,EMAIL-0486,,,,,,,,True,,
PAIR-0443,EMAIL-0443,attachments/generic_0443.pdf,pdf,generic,2964.83,CHF,DOC-2025-2401,2025-11-03,True,,
PAIR-0220,EMAIL-0220,attachments/invoice_0220.pdf,pdf,invoice,128421.98,RON,BILL-2026-82785,2024-09-04,True,,
PAIR-0197,EMAIL-0197,attachments/invoice_0197.png,png,invoice,134495.12,RON,F-2024-55162,2025-01-15,False,amount,amount
PAIR-0467,EMAIL-0467,,,,,,,,True,,
PAIR-0056,EMAIL-0056,attachments/quotation_0056.pdf,pdf,quotation,90261.31,CHF,QUO-2026-28884,2025-11-19,True,,
PAIR-0319,EMAIL-0319,,,,,,,,True,,
PAIR-0164,EMAIL-0164,attachments/invoice_0164.pdf,pdf,invoice,45837.97,EUR,INV-2024-97216,2026-04-25,True,,
PAIR-0140,EMAIL-0140,attachments/invoice_0140.pdf,pdf,invoice,4556.0,RON,BILL-2024-13055,2024-10-19,True,,
PAIR-0383,EMAIL-0383,,,,,,,,True,,
PAIR-0306,EMAIL-0306,attachments/quotation_0306.pdf,pdf,quotation,61432.91,GBP,QT-2024-62066,2025-12-08,True,,
PAIR-0217,EMAIL-0217,attachments/invoice_0217.pdf,pdf,invoice,140325.36,EUR,BILL-2025-31497,2026-02-07,True,,
PAIR-0229,EMAIL-0229,attachments/invoice_0229.png,png,invoice,41960.11,USD,BILL-2026-69585,2026-02-12,False,currency,currency
PAIR-0222,EMAIL-0222,attachments/invoice_0222.pdf,pdf,invoice,149889.03,USD,BILL-2026-76571,2025-11-12,True,,
PAIR-0250,EMAIL-0250,attachments/quotation_0250.png,png,quotation,21922.61,CHF,QUO-2026-18395,2024-08-21,True,,
PAIR-0370,EMAIL-0370,,,,,,,,True,,
PAIR-0106,EMAIL-0106,attachments/quotation_0106.png,png,quotation,12861.58,GBP,QT-2026-13499,2025-03-05,True,,
PAIR-0419,EMAIL-0419,,,,,,,,True,,
PAIR-0085,EMAIL-0085,attachments/quotation_0085.pdf,pdf,quotation,21397.26,GBP,OFF-2024-52505,2026-03-28,True,,
PAIR-0160,EMAIL-0160,attachments/invoice_0160.pdf,pdf,invoice,148235.59,CHF,BILL-2024-90091,2024-09-30,True,,
PAIR-0301,EMAIL-0301,,,,,,,,True,,
PAIR-0393,EMAIL-0393,attachments/price_list_0393.pdf,pdf,price_list,5368.0,USD,PR-2025-75647,2025-05-03,True,,
PAIR-0407,EMAIL-0407,,,,,,,,True,,
PAIR-0299,EMAIL-0299,attachments/quotation_0299.pdf,pdf,quotation,110077.0,GBP,QT-2024-77238,2024-12-02,True,,
PAIR-0053,EMAIL-0053,attachments/quotation_0053.pdf,pdf,quotation,89253.07,EUR,OFF-2026-6683,2025-10-01,True,,
PAIR-0202,EMAIL-0202,attachments/invoice_0202.pdf,pdf,invoice,126805.63,EUR,BILL-2025-55057,2026-02-09,True,,
PAIR-0144,EMAIL-0144,attachments/invoice_0144.png,png,invoice,35276.0,USD,FV-2024-79861,2024-09-19,True,,
PAIR-0368,EMAIL-0368,,,,,,,,True,,
PAIR-0352,EMAIL-0352,,,,,,,,True,,
PAIR-0102,EMAIL-0102,attachments/quotation_0102.pdf,pdf,quotation,47282.0,EUR,QT-2026-20126,2025-05-19,True,,
PAIR-0089,EMAIL-0089,attachments/quotation_0089.pdf,pdf,quotation,143319.0,RON,Q-2026-34612,2025-02-15,True,,
PAIR-0129,EMAIL-0129,attachments/invoice_0129.png,png,invoice,155838.14,GBP,FV-2024-68862,2025-09-20,False,date,date
PAIR-0468,EMAIL-0468,,,,,,,,True,,
PAIR-0205,EMAIL-0205,attachments/invoice_0205.pdf,pdf,invoice,63267.0,EUR,INV-2025-77153,2025-06-14,True,,
PAIR-0462,EMAIL-0462,,,,,,,,True,,
PAIR-0224,EMAIL-0224,attachments/invoice_0224.pdf,pdf,invoice,4944.16,GBP,FV-2026-68013,2024-09-20,False,amount,amount
PAIR-0254,EMAIL-0254,,,,,,,,True,,
PAIR-0415,EMAIL-0415,,,,,,,,True,,
PAIR-0382,EMAIL-0382,,,,,,,,True,,
PAIR-0240,EMAIL-0240,attachments/invoice_0240.pdf,pdf,invoice,23687.0,EUR,BILL-2024-82600,2024-08-12,True,,
PAIR-0151,EMAIL-0151,attachments/invoice_0151.pdf,pdf,invoice,121890.63,CHF,F-2025-71190,2026-02-07,False,amount,amount
PAIR-0334,EMAIL-0334,attachments/price_list_0334.png,png,price_list,5654.31,EUR,REV-2026-1540,2026-02-12,True,,
PAIR-0283,EMAIL-0283,,,,,,,,True,,
PAIR-0363,EMAIL-0363,,,,,,,,True,,
PAIR-0179,EMAIL-0179,attachments/invoice_0179.png,png,invoice,109716.17,EUR,FV-2025-59827,2024-09-15,False,amount,amount
PAIR-0048,EMAIL-0048,attachments/quotation_0048.pdf,pdf,quotation,120732.76,USD,QUO-2024-99848,2025-10-06,True,,
PAIR-0103,EMAIL-0103,attachments/quotation_0103.png,png,quotation,25650.93,EUR,Q-2024-95412,2025-02-28,True,,
PAIR-0247,EMAIL-0247,,,,,,,,True,,
PAIR-0141,EMAIL-0141,attachments/invoice_0141.png,png,invoice,89313.0,CHF,FV-2026-81868,2025-05-29,True,,
PAIR-0138,EMAIL-0138,attachments/invoice_0138.png,png,invoice,61800.0,USD,BILL-2024-21658,2026-02-23,True,,
PAIR-0065,EMAIL-0065,attachments/quotation_0065.png,png,quotation,22745.01,USD,Q-2025-74259,2025-06-03,False,amount,amount
PAIR-0355,EMAIL-0355,,,,,,,,True,,
PAIR-0373,EMAIL-0373,,,,,,,,True,,
PAIR-0043,EMAIL-0043,attachments/quotation_0043.pdf,pdf,quotation,127925.03,RON,Q-2025-83155,2025-12-26,True,,
PAIR-0113,EMAIL-0113,attachments/quotation_0113.pdf,pdf,quotation,17526.23,CHF,QT-2026-24583,2025-10-27,True,,
PAIR-0071,EMAIL-0071,attachments/quotation_0071.pdf,pdf,quotation,146211.0,RON,QT-2026-67496,2025-09-18,False,currency,currency
PAIR-0168,EMAIL-0168,attachments/invoice_0168.png,png,invoice,53808.22,GBP,INV-2025-24969,2025-09-14,True,,
PAIR-0496,EMAIL-0496,,,,,,,,True,,
PAIR-0112,EMAIL-0112,attachments/quotation_0112.png,png,quotation,122413.58,CHF,OFF-2024-40378,2026-03-20,True,,
PAIR-0059,EMAIL-0059,attachments/quotation_0059.pdf,pdf,quotation,49554.0,RON,Q-2024-17932,2026-01-11,True,,
PAIR-0187,EMAIL-0187,attachments/invoice_0187.png,png,invoice,33894.17,RON,F-2026-97969,2025-04-25,False,currency,currency
PAIR-0444,EMAIL-0444,attachments/generic_0444.png,png,generic,37508.0,CHF,REF-2026-80848,2026-02-12,True,,
PAIR-0111,EMAIL-0111,attachments/quotation_0111.pdf,pdf,quotation,9958.44,RON,QT-2025-64469,2025-07-22,True,,
PAIR-0079,EMAIL-0079,attachments/quotation_0079.pdf,pdf,quotation,31859.01,RON,QT-2026-8263,2025-12-17,False,amount,amount
PAIR-0390,EMAIL-0390,,,,,,,,True,,
PAIR-0263,EMAIL-0263,attachments/quotation_0263.png,png,quotation,119815.69,USD,QT-2025-71127,2025-11-07,True,,
PAIR-0266,EMAIL-0266,,,,,,,,True,,
PAIR-0012,EMAIL-0012,attachments/quotation_0012.pdf,pdf,quotation,23642.0,USD,QT-2026-97434,2025-05-10,True,,
PAIR-0275,EMAIL-0275,attachments/quotation_0275.pdf,pdf,quotation,32145.89,CHF,QUO-2025-89877,2026-02-20,False,date,date
PAIR-0016,EMAIL-0016,attachments/quotation_0016.pdf,pdf,quotation,111314.02,RON,QT-2026-2267,2024-09-23,False,date,date
PAIR-0484,EMAIL-0484,,,,,,,,True,,
PAIR-0099,EMAIL-0099,attachments/quotation_0099.png,png,quotation,74595.31,RON,Q-2026-42777,2025-08-27,True,,
PAIR-0063,EMAIL-0063,attachments/quotation_0063.pdf,pdf,quotation,97949.7,RON,QT-2026-20773,2025-10-03,True,,
PAIR-0131,EMAIL-0131,attachments/invoice_0131.png,png,invoice,65484.71,USD,F-2025-92576,2025-02-15,True,,
PAIR-0380,EMAIL-0380,,,,,,,,True,,
PAIR-0268,EMAIL-0268,attachments/quotation_0268.pdf,pdf,quotation,62492.16,EUR,QUO-2026-89065,2025-12-21,False,amount,amount
PAIR-0082,EMAIL-0082,attachments/quotation_0082.png,png,quotation,43886.69,CHF,QUO-2025-33541,2025-07-29,True,,
PAIR-0003,EMAIL-0003,attachments/quotation_0003.pdf,pdf,quotation,7351.0,GBP,QT-2024-31512,2025-08-14,True,,
PAIR-0280,EMAIL-0280,attachments/quotation_0280.png,png,quotation,31834.0,CHF,QT-2025-6677,2024-09-12,False,date,date
PAIR-0308,EMAIL-0308,,,,,,,,True,,
PAIR-0315,EMAIL-0315,,,,,,,,True,,
PAIR-0248,EMAIL-0248,,,,,,,,True,,
PAIR-0178,EMAIL-0178,attachments/invoice_0178.png,png,invoice,123298.54,CHF,F-2024-98309,2025-04-30,True,,
PAIR-0176,EMAIL-0176,attachments/invoice_0176.png,png,invoice,59922.84,GBP,FV-2026-97576,2025-01-22,True,,
PAIR-0061,EMAIL-0061,attachments/quotation_0061.pdf,pdf,quotation,129999.38,EUR,QUO-2024-14474,2025-03-30,False,amount,amount
PAIR-0017,EMAIL-0017,attachments/quotation_0017.png,png,quotation,129758.55,EUR,QUO-2025-4248,2025-07-13,True,,
PAIR-0438,EMAIL-0438,,,,,,,,True,,
PAIR-0311,EMAIL-0311,,,,,,,,True,,
PAIR-0324,EMAIL-0324,,,,,,,,True,,
PAIR-0291,EMAIL-0291,attachments/quotation_0291.pdf,pdf,quotation,145623.25,USD,OFF-2024-47284,2025-10-05,True,,
PAIR-0338,EMAIL-0338,attachments/price_list_0338.png,png,price_list,1904.24,USD,PR-2024-68284,2025-10-30,True,,
PAIR-0092,EMAIL-0092,attachments/quotation_0092.pdf,pdf,quotation,49937.0,GBP,QT-2026-25405,2025-07-03,False,amount,amount
PAIR-0463,EMAIL-0463,,,,,,,,True,,
PAIR-0006,EMAIL-0006,attachments/quotation_0006.pdf,pdf,quotation,112756.23,GBP,Q-2024-39469,2025-01-21,True,,
PAIR-0153,EMAIL-0153,attachments/invoice_0153.pdf,pdf,invoice,156363.55,CHF,BILL-2025-54856,2025-08-27,False,amount,amount
PAIR-0093,EMAIL-0093,attachments/quotation_0093.pdf,pdf,quotation,35924.19,GBP,QT-2025-77344,2025-04-25,False,amount,amount
PAIR-0083,EMAIL-0083,attachments/quotation_0083.pdf,pdf,quotation,53258.0,RON,Q-2026-86755,2025-06-11,True,,
PAIR-0414,EMAIL-0414,,,,,,,,True,,
PAIR-0231,EMAIL-0231,attachments/invoice_0231.png,png,invoice,49628.95,GBP,FV-2025-52563,2024-08-03,True,,
PAIR-0466,EMAIL-0466,,,,,,,,True,,
PAIR-0325,EMAIL-0325,attachments/price_list_0325.pdf,pdf,price_list,5088.03,CHF,REV-2026-72791,2025-07-12,True,,
PAIR-0161,EMAIL-0161,attachments/invoice_0161.pdf,pdf,invoice,188871.0,USD,F-2026-16704,2026-01-09,False,currency,currency
PAIR-0456,EMAIL-0456,,,,,,,,True,,
PAIR-0193,EMAIL-0193,attachments/invoice_0193.pdf,pdf,invoice,189461.0,CHF,FV-2025-64133,2025-03-12,True,,
